"Pathway","Condition","depth_bin","diff","r","p"
"Androgen","naive","Q1",0.191099247800068,0.101290783049741,5.94311234613776e-07
"Androgen","naive","Q2",0.219597662889577,0.136934300132012,8.85629756764697e-10
"Androgen","naive","Q3",0.169774027086754,0.109065144419208,7.44476418447925e-07
"Androgen","naive","Q4",0.18003241626187,0.122610954942638,5.88365061700815e-08
"Androgen","infectedD4","Q1",0.182662122767204,0.102576702342175,1.29256512142428e-07
"Androgen","infectedD4","Q2",0.158069798153662,0.0957677001528288,7.72164704831944e-08
"Androgen","infectedD4","Q3",0.0996869662381592,0.0739383599561152,0.000121937474447111
"Androgen","infectedD4","Q4",0.152553291676941,0.109363132977567,3.96433446449074e-05
"Androgen","granulomaD4","Q1",0.779602636795798,0.316477228794557,4.96130808600308e-17
"Androgen","granulomaD4","Q2",-0.116501444924046,-0.0728322832283228,0.298398711196507
"Androgen","granulomaD4","Q3",-0.0997864237146091,-0.0834450616101641,0.26396271034111
"Androgen","granulomaD4","Q4",-0.00336206534508646,0.0303236166007905,0.510381997531523
"EGFR","naive","Q1",0.192832614454191,0.0950692087499905,2.78096817773273e-06
"EGFR","naive","Q2",0.264403917641713,0.142102318608119,2.01658699644352e-10
"EGFR","naive","Q3",0.192850339304327,0.107434021426705,1.0860690404549e-06
"EGFR","naive","Q4",0.160412158376901,0.101063116736132,7.8448866231256e-06
"EGFR","infectedD4","Q1",0.105569757219017,0.0528134015821313,0.0065590712229471
"EGFR","infectedD4","Q2",0.0891772726091428,0.0476238897211252,0.00753635015628703
"EGFR","infectedD4","Q3",0.0861384308162632,0.0514338053970267,0.0075232866678688
"EGFR","infectedD4","Q4",0.121286109066546,0.0785004265854761,0.0031796873477668
"EGFR","granulomaD4","Q1",-0.10359947622528,-0.0809647913909243,0.0318950544375792
"EGFR","granulomaD4","Q2",-0.0417552031742004,-0.0399039903990399,0.569021781928762
"EGFR","granulomaD4","Q3",0.117252823097384,0.0610355615143969,0.413948700823773
"EGFR","granulomaD4","Q4",-0.0214135948497505,-0.0206737895256917,0.65361568331551
"Estrogen","naive","Q1",-0.0756292553659611,-0.0424212052876548,0.0365180195052442
"Estrogen","naive","Q2",-0.0778412364996516,-0.0454235531780612,0.0420520343863334
"Estrogen","naive","Q3",-0.10892398588151,-0.0725874856786798,0.000987656366574801
"Estrogen","naive","Q4",-0.0178392609731983,-0.0136274189768743,0.546752309108888
"Estrogen","infectedD4","Q1",-0.0202616917514604,-0.0185915929889872,0.338594558989052
"Estrogen","infectedD4","Q2",-0.0251184118662171,-0.0165690680466658,0.352537224862747
"Estrogen","infectedD4","Q3",-0.00667255501335925,-0.0023039526527161,0.904711333740229
"Estrogen","infectedD4","Q4",0.0410957103573808,0.0305836693042474,0.250462291297485
"Estrogen","granulomaD4","Q1",0.192931101649169,0.0902615743583446,0.0167513674781063
"Estrogen","granulomaD4","Q2",0.0284742313273621,0.0196519651965197,0.779329757993173
"Estrogen","granulomaD4","Q3",0.241146247598775,0.0849773351209857,0.255289950508831
"Estrogen","granulomaD4","Q4",0.390467756315726,0.180343688241107,9.0335244911897e-05
"Hypoxia","naive","Q1",0.17289436083262,0.0928634883032278,4.70256439497348e-06
"Hypoxia","naive","Q2",0.17810530282252,0.107469539502876,1.50924752731207e-06
"Hypoxia","naive","Q3",0.178113246966376,0.113362545476473,2.68371115617537e-07
"Hypoxia","naive","Q4",0.104924422350415,0.064557556581367,0.00430424089054946
"Hypoxia","infectedD4","Q1",0.0969417095835757,0.0539599813866916,0.00547861071972496
"Hypoxia","infectedD4","Q2",0.0381671171431965,0.0218445382601722,0.220316926852959
"Hypoxia","infectedD4","Q3",0.0431544354060752,0.0249504282795341,0.194790438302232
"Hypoxia","infectedD4","Q4",0.142523864351696,0.09977817555247,0.000177278325465331
"Hypoxia","granulomaD4","Q1",0.653633254261262,0.348333719941236,2.65837002324962e-20
"Hypoxia","granulomaD4","Q2",0.249248957798377,0.145064506450645,0.0382924259871199
"Hypoxia","granulomaD4","Q3",0.355451874049154,0.241269233224797,0.00123502573148133
"Hypoxia","granulomaD4","Q4",0.330852889962197,0.206853693181818,7.09837233352493e-06
"JAK-STAT","naive","Q1",0.182012012748096,0.158641033233867,5.27785640024527e-15
"JAK-STAT","naive","Q2",0.199138915029697,0.194554178482942,3.10187602213249e-18
"JAK-STAT","naive","Q3",0.143360996528774,0.136285702799944,6.22348318856874e-10
"JAK-STAT","naive","Q4",0.172536330594051,0.145233268626032,1.33837181048104e-10
"JAK-STAT","infectedD4","Q1",0.163064307077302,0.114017062199473,4.39054011108536e-09
"JAK-STAT","infectedD4","Q2",0.212733872887124,0.15319422377573,8.27462847248567e-18
"JAK-STAT","infectedD4","Q3",0.185066866183069,0.124035993598454,1.1520158710109e-10
"JAK-STAT","infectedD4","Q4",0.209448161920034,0.138156816166753,2.08564004742982e-07
"JAK-STAT","granulomaD4","Q1",0.442038528084346,0.223554882402973,3.12585326432317e-09
"JAK-STAT","granulomaD4","Q2",0.253184908323985,0.163816381638164,0.0193053709537072
"JAK-STAT","granulomaD4","Q3",0.23932520000455,0.0815297197216369,0.275086547484278
"JAK-STAT","granulomaD4","Q4",0.145754129100663,0.137483016304348,0.00283877539682915
"MAPK","naive","Q1",0.200899227181262,0.107266349285893,1.23918752684342e-07
"MAPK","naive","Q2",0.301053189118866,0.169376624307215,3.43449176148731e-14
"MAPK","naive","Q3",0.221938060299483,0.127732105887319,6.7713474544451e-09
"MAPK","naive","Q4",0.205713826864275,0.135146502172999,2.27743049582973e-09
"MAPK","infectedD4","Q1",0.130174836878792,0.0668286024507523,0.000582055569157735
"MAPK","infectedD4","Q2",0.122014111105883,0.0675527713468609,0.000150420018445731
"MAPK","infectedD4","Q3",0.106235856602407,0.0654215860937484,0.000674787635528801
"MAPK","infectedD4","Q4",0.167806302405832,0.10605216052997,6.74429007143038e-05
"MAPK","granulomaD4","Q1",0.166733516347878,0.08564956950073,0.0232144990191116
"MAPK","granulomaD4","Q2",-0.0539895158343889,-0.0449294929492949,0.521339439632147
"MAPK","granulomaD4","Q3",0.26197614792246,0.115367426418949,0.122447829617374
"MAPK","granulomaD4","Q4",0.0371210159174927,0.0378041625494072,0.411847982812795
"NFkB","naive","Q1",0.349269520979017,0.169330235454014,7.00037349153363e-17
"NFkB","naive","Q2",0.461817576737733,0.232028926792835,2.90374635174786e-25
"NFkB","naive","Q3",0.354219880606534,0.182573214608752,1.17905228748025e-16
"NFkB","naive","Q4",0.27295107402727,0.151765056215534,1.92492333984684e-11
"NFkB","infectedD4","Q1",0.253917709257224,0.150015200868621,1.14796678196196e-14
"NFkB","infectedD4","Q2",0.260891727979235,0.152972697605681,9.21995729259633e-18
"NFkB","infectedD4","Q3",0.200818180633531,0.136510452838925,1.30516302764999e-12
"NFkB","infectedD4","Q4",0.330589499528594,0.217505060474765,3.00234555355949e-16
"NFkB","granulomaD4","Q1",0.432399473712221,0.311937997189133,1.37022901816216e-16
"NFkB","granulomaD4","Q2",0.295809303575074,0.211971197119712,0.00246607901802733
"NFkB","granulomaD4","Q3",0.267180591326123,0.150992785545553,0.0432097046267171
"NFkB","granulomaD4","Q4",0.328321081826518,0.263146924407115,1.11102649176962e-08
"PI3K","naive","Q1",0.0139376633750432,0.000567185257738911,0.977709701058021
"PI3K","naive","Q2",0.129403681494315,0.0834042998839732,0.00018927616793553
"PI3K","naive","Q3",0.101473403396702,0.07206990814255,0.00107345510070725
"PI3K","naive","Q4",0.0653097431261807,0.0367941335685582,0.103704323311146
"PI3K","infectedD4","Q1",0.0393876047943063,0.0236872964169381,0.222754565909217
"PI3K","infectedD4","Q2",0.120283105226795,0.0731236097870989,4.0790701840895e-05
"PI3K","infectedD4","Q3",0.0925070685767663,0.0632847178186431,0.00100693891219859
"PI3K","infectedD4","Q4",0.129658825351333,0.0884520802315272,0.000888103171811836
"PI3K","granulomaD4","Q1",-0.435874974774174,-0.234916606401317,4.78576157666028e-10
"PI3K","granulomaD4","Q2",0.151391333812952,0.104560456045605,0.135408298064419
"PI3K","granulomaD4","Q3",0.197160769054604,0.118687352359063,0.112051161123554
"PI3K","granulomaD4","Q4",-0.0376500974754778,-0.0195852890316206,0.670753918381424
"TGFb","naive","Q1",0.24977580858865,0.146336074349104,5.45155678035865e-13
"TGFb","naive","Q2",0.236674454012498,0.145088701298343,8.37343145332989e-11
"TGFb","naive","Q3",0.259711720351984,0.171529215493156,7.02525719090827e-15
"TGFb","naive","Q4",0.16853901005628,0.12317479874051,5.11583040487762e-08
"TGFb","infectedD4","Q1",0.173011638140315,0.0913727315030246,2.56119136487674e-06
"TGFb","infectedD4","Q2",0.196320405747142,0.116570581203565,6.12051298382747e-11
"TGFb","infectedD4","Q3",0.149097471641608,0.0893010639047418,3.47530824648914e-06
"TGFb","infectedD4","Q4",0.0805762422479138,0.0502260066580793,0.0591154600902394
"TGFb","granulomaD4","Q1",1.02776564670949,0.386548773998117,1.24954918124255e-24
"TGFb","granulomaD4","Q2",0.13814316298346,0.0302280228022802,0.666270923941758
"TGFb","granulomaD4","Q3",0.0687856886328949,0.0511396284236736,0.493698895579846
"TGFb","granulomaD4","Q4",0.0667606813771201,0.00687067687747045,0.881491421468951
"TNFa","naive","Q1",0.348912855439132,0.172463041844149,1.87228452878226e-17
"TNFa","naive","Q2",0.428745483553229,0.224867781737206,7.93537156162302e-24
"TNFa","naive","Q3",0.332758789532971,0.180425519085043,2.66171517697453e-16
"TNFa","naive","Q4",0.269857704032822,0.156539820572829,4.42910721596165e-12
"TNFa","infectedD4","Q1",0.258818389252052,0.155021560415697,1.47067531052917e-15
"TNFa","infectedD4","Q2",0.274693771638891,0.164465023378274,2.75418440566687e-20
"TNFa","infectedD4","Q3",0.206390748672695,0.136906523336453,1.1244806385568e-12
"TNFa","infectedD4","Q4",0.354705461805473,0.228489887414892,9.00395665250477e-18
"TNFa","granulomaD4","Q1",0.513794497971243,0.306880256161848,4.17910810303657e-16
"TNFa","granulomaD4","Q2",0.329823661479713,0.223747374737474,0.00139494242075382
"TNFa","granulomaD4","Q3",0.303002825586394,0.153865798378344,0.0393839330696547
"TNFa","granulomaD4","Q4",0.377361063418529,0.271592453063241,3.71972449777526e-09
"Trail","naive","Q1",0.113550038850908,0.0699680341374151,0.000562628449801791
"Trail","naive","Q2",0.152048647549415,0.0998453893789943,7.86699339889301e-06
"Trail","naive","Q3",0.0778920481190598,0.0498653293401137,0.023643018902763
"Trail","naive","Q4",0.0647729211231698,0.0458135877145498,0.0427618119872325
"Trail","infectedD4","Q1",-0.00110246698467725,0.00146176516209096,0.940035519154402
"Trail","infectedD4","Q2",0.0267014154008658,0.0166961732262019,0.348855766574951
"Trail","infectedD4","Q3",-0.0072234718491069,0.00237189358939527,0.901915068401286
"Trail","infectedD4","Q4",0.0520192641890593,0.0420021078341168,0.114496343157159
"Trail","granulomaD4","Q1",-0.351567790538186,-0.133652625977322,0.000396907961176591
"Trail","granulomaD4","Q2",-0.0395277800571859,-0.015976597659766,0.819887281154428
"Trail","granulomaD4","Q3",-0.206588124160737,-0.11377130817851,0.127707445057106
"Trail","granulomaD4","Q4",0.0480070374374992,0.0108464056324111,0.813904452268137
"VEGF","naive","Q1",0.103291861027269,0.0496017554649477,0.0144822636483438
"VEGF","naive","Q2",0.0357102139201564,0.0263973520519669,0.237425595050645
"VEGF","naive","Q3",0.103568810152279,0.0673634700810033,0.00223600004218177
"VEGF","naive","Q4",0.0353649421838714,0.020733283464027,0.359204336208398
"VEGF","infectedD4","Q1",0.139006980268626,0.0761563517915309,8.8561148486818e-05
"VEGF","infectedD4","Q2",0.116093253807699,0.067657280050035,0.000146907886101309
"VEGF","infectedD4","Q3",0.133315815026122,0.0735261849402622,0.000133030732636447
"VEGF","infectedD4","Q4",0.142370446432985,0.0914565802900782,0.00058891654343332
"VEGF","granulomaD4","Q1",0.425949368784443,0.199603385775558,1.22281613135561e-07
"VEGF","granulomaD4","Q2",0.328093779714729,0.133438343834383,0.0566980974291789
"VEGF","granulomaD4","Q3",0.446494314523615,0.222945795824555,0.00283322148258538
"VEGF","granulomaD4","Q4",0.292804041356097,0.152992218379447,0.000895726150230039
"WNT","naive","Q1",-0.097461584538019,-0.051681434743324,0.0108469821324557
"WNT","naive","Q2",-0.00504513257191393,-0.00417200638285553,0.851893886512855
"WNT","naive","Q3",-0.0399625261563328,-0.0236256557657133,0.283667622957382
"WNT","naive","Q4",0.0038227492338425,0.000210801855465625,0.992579912221483
"WNT","infectedD4","Q1",-0.0102441186382794,-0.0102689623080503,0.597113097393552
"WNT","infectedD4","Q2",0.0195828219825597,0.0130335265130308,0.464595983323888
"WNT","infectedD4","Q3",0.0337508792461139,0.022083824017876,0.251144446975102
"WNT","infectedD4","Q4",-0.00535252816640121,-0.00901015440721342,0.734947001142084
"WNT","granulomaD4","Q1",0.048372484121133,0.00981984071754427,0.794756691551698
"WNT","granulomaD4","Q2",-0.00462902649602864,0.0305280528052805,0.663157817186824
"WNT","granulomaD4","Q3",0.050107188327051,0.0487135286982059,0.514435301014705
"WNT","granulomaD4","Q4",0.00870117000960741,-0.000625308794466428,0.989235525758306
"p53","naive","Q1",0.202097012662269,0.10165903586099,5.40890026860931e-07
"p53","naive","Q2",0.234209947401782,0.129832684299443,6.21310727832287e-09
"p53","naive","Q3",0.12701542569978,0.0809491266507205,0.000239275637155997
"p53","naive","Q4",0.118756231231099,0.0847351827273461,0.000178755070876553
"p53","infectedD4","Q1",0.0713044347289325,0.0384979060027919,0.0475262519652801
"p53","infectedD4","Q2",0.0666473585509345,0.0425973842561069,0.0168424966695709
"p53","infectedD4","Q3",0.0692181691215624,0.0518776861833299,0.00702169189827332
"p53","infectedD4","Q4",0.0319962954362704,0.0173732371982536,0.513875822358647
"p53","granulomaD4","Q1",0.381781746380965,0.22016182951956,5.38160436980766e-09
"p53","granulomaD4","Q2",0.194843854080373,0.152640264026403,0.0292626190381598
"p53","granulomaD4","Q3",0.0524250838120265,0.0247717550916171,0.740404766824152
"p53","granulomaD4","Q4",-0.0373884115881414,-0.0567023838932806,0.218350175096656
